-0.636077593186903,0.730261485696965,1.47661243428483
-0.633608694427098,0.728320951061837,1.47922917175086
-0.631137810547737,0.726378091858824,1.48184643539915
-0.628670490760052,0.724442871908974,1.48445999739074
-0.62621190878722,0.722524608301198,1.48706590120466
-0.623766858075411,0.720631959491207,1.48966046878695
-0.62133974651484,0.718772912392987,1.49224030821728
-0.618934590796029,0.716954768723494,1.49480232175757
-0.616555010523793,0.715184130854648,1.49734371415106
-0.61420422220794,0.713466887418524,1.49986200104497
-0.611885033245169,0.711808198901472,1.5023550174156
-0.609599836000924,0.710212483450394,1.50482092588117
-0.607350602092831,0.708683403099086,1.50725822479639
-0.60513887696876,0.707223850604438,1.50966575603185
-0.60296577486245,0.705835937061062,1.51204271235273
-0.600831974197956,0.704520980438723,1.51438864432359
-0.598737713501037,0.703279495159785,1.51670346668026
-0.596683003997868,0.70211157872828,1.51898728433763
-0.594667844338571,0.701017303956549,1.5212402149248
-0.592692220422263,0.699996718634474,1.52346238897936
-0.590756105240136,0.699049845235225,1.52565395012336
-0.588859458737132,0.698176680658634,1.52781505522048
-0.587002227692684,0.697377196013175,1.52994587451385
-0.585184345620944,0.696651336437404,1.53204659174416
-0.583405732690849,0.695999020961536,1.53411740424763
-0.581666295666294,0.695420142409743,1.53615852303369
-0.579965927866604,0.694914567343566,1.53817017284207
-0.578304509147439,0.694482136046678,1.54015259217925
-0.576681905902164,0.694122662551135,1.54210603333419
-0.575097971083654,0.693835934705015,1.54403076237334
-0.573552544246422,0.693621714281255,1.54592705911514
-0.572045451608874,0.693479737127309,1.54779521708414
-0.570576506135427,0.693409713355101,1.54963554344495
-0.569145507638149,0.693411327570613,1.55144835891653
-0.567752242897509,0.693484239142288,1.55323399766698
-0.566396485801744,0.693628082507272,1.55499280718963
-0.565077997504298,0.693842467514447,1.55672514816066
-0.563796526598719,0.694126979803005,1.55843139427906
-0.562551809310338,0.694481181215236,1.56011193208959
-0.561343569703995,0.694904610242104,1.56176716078937
-0.560171519907047,0.695396782500036,1.56339749201894
-0.559035360346803,0.695957191237304,1.56500334963866
-0.557934780001565,0.696585307868298,1.56658516949115
-0.556869456664311,0.697280582533848,1.56814339915088
-0.555839057218144,0.698042444685805,1.56967849766172
-0.554843237922513,0.698870303693937,1.57119093526333
-0.553881644709236,0.69976354947322,1.57268119310753
-0.552953913487336,0.700721553129546,1.57414976296555
-0.552059670455689,0.701743667621876,1.57559714692713
-0.551198532422465,0.702829228438821,1.5770238570925
-0.550370107130373,0.703977554287686,1.57843041525825
-0.549573993586703,0.705187947793979,1.57981735259806
-0.548809782397177,0.706459696209434,1.58118520933926
-0.548077056102639,0.707792072126627,1.58253453443622
-0.547375389517624,0.709184334198292,1.58386588524145
-0.546704350069887,0.710635727859506,1.5851798271754
-0.546063498139973,0.712145486050926,1.58647693339581
-0.545452387399968,0.713712829941404,1.58775778446748
-0.544870565150582,0.715336969648266,1.58902296803327
-0.544317572655757,0.717017104953704,1.59027307848719
-0.543792945474044,0.71875242601575,1.59150871665021
-0.543296213786003,0.720542114072392,1.59273048944964
-0.542826902716956,0.722385342137511,1.59393900960269
-0.54238453265444,0.724281275687346,1.59513489530471
-0.541968619559751,0.726229073336301,1.59631876992304
-0.541578675273056,0.728227887501057,1.59749126169656
-0.541214207811505,0.730276865051915,1.59865300344178
-0.540874721659933,0.732375147950522,1.59980463226582
-0.540559718053687,0.734521873873124,1.60094678928653
-0.540268695253221,0.73671617681862,1.60208011936039
-0.540001148810122,0.73895718770078,1.60320527081819
-0.539756571824245,0.741244034924041,1.6043228952091
-0.539534455191765,0.743575844942448,1.60543364705297
-0.539334287843859,0.745951742801279,1.60653818360141
-0.539155556975917,0.7483708526611,1.60763716460759
-0.538997748267089,0.750832298303963,1.60873125210483
-0.538860346090116,0.753335203621589,1.60982111019426
-0.538742833711348,0.755878693085448,1.61090740484134
-0.538644693480931,0.758461892198666,1.61199080368144
-0.538565407013171,0.761083927929826,1.61307197583429
-0.538504455357087,0.763743929128719,1.61415159172732
-0.538461319157222,0.766441026924187,1.61523032292784
-0.538435478804799,0.769174355104271,1.61630884198378
-0.538426414579313,0.771943050478877,1.61738782227303
-0.538433606780701,0.774746253225259,1.61846793786108
-0.538456535852248,0.77758310721664,1.6195498633668
-0.538494682494374,0.780452760334341,1.62063427383624
-0.538547527769512,0.783354364763792,1.62172184462401
-0.538614553198273,0.786287077274885,1.62281325128224
-0.538695240847107,0.789250059487102,1.62390916945665
-0.538789073407701,0.792242478119901,1.62501027478957
-0.538895534268349,0.795263505228874,1.62611724282958
-0.539014107577553,0.798312318428188,1.62723074894742
-0.539144278300104,0.801388101099855,1.62835146825797
-0.539285532265924,0.804490042590383,1.62948007554784
-0.539437356211939,0.807617338395366,1.63061724520829
-0.539599237817262,0.810769190332604,1.6317636511732
-0.539770665731983,0.813944806704334,1.63291996686163
-0.539951129599845,0.817143402449138,1.63408686512467
-0.540140120075102,0.820364199284167,1.63526501819622
-0.540337128833866,0.823606425838242,1.63645509764732
-0.540541648580232,0.826869317776446,1.63765777434369
-0.540753173047479,0.830152117916811,1.638873718406
-0.540971196994663,0.833454076339696,1.64010359917267
-0.541195216198893,0.836774450490456,1.64134808516464
-0.541424727443589,0.840112505275989,1.6426078440518
-0.541659228503043,0.843467513155772,1.64388354262073
-0.54189821812357,0.846838754227958,1.64517584674333
-0.542141196001552,0.850225516311124,1.64648542134585
-0.542387662758695,0.85362709502225,1.64781293037809
-0.542637119914779,0.857042793851501,1.6491590367823
-0.542889069858222,0.860471924234384,1.65052440246128
-0.543143015814746,0.863913805621836,1.65190968824548
-0.543398461814454,0.867367765548793,1.65331555385852
-0.543654912657627,0.870833139701813,1.65474265788076
-0.543911873879523,0.874309271986269,1.65619165771061
-0.5441688517145,0.877795514593658,1.65766320952303
-0.544425353059756,0.881291228069563,1.65915796822485
-0.544680885438997,0.884795781382782,1.66067658740655
-0.544934956966328,0.888308551996144,1.66221971928996
-0.545187076310681,0.89182892593952,1.66378801467158
-0.545436752661089,0.895356297885543,1.66538212286091
-0.545683495693108,0.898890071228512,1.66700269161361
-0.545926815536712,0.902429658167009,1.66865036705873
-0.546166222745965,0.905974479790671,1.67032579361986
-0.546401228270796,0.909523966171632,1.67202961392947
-0.546631343431189,0.913077556461089,1.67376246873628
-0.546856079894136,0.916634698991469,1.67552499680489
-0.547074949653653,0.920194851384652,1.6773178348074
-0.547287465014213,0.923757480666714,1.67914161720647
-0.547493138577939,0.927322063389629,1.68099697612933
-0.547691483235881,0.930888085760384,1.68288454123225
-0.547882012163752,0.934455043777938,1.684804939555
-0.548064238822457,0.938022443378454,1.68675879536474
-0.548237676963794,0.941589800589232,1.68874672998884
-0.548401840641684,0.945156641691753,1.6907693616362
-0.548556244229311,0.94872250339425,1.69282730520636
-0.548700402442556,0.952286933014192,1.694921172086
-0.548833830370102,0.95584948867109,1.69705156993231
-0.548956043510621,0.959409739489978,1.69921910244256
-0.549066557817428,0.962967265815966,1.70142436910941
-0.549164889751031,0.966521659440205,1.70366796496137
-0.549250556339979,0.970072523837615,1.70595048028785
-0.54932307525043,0.973619474416695,1.70827250034829
-0.549381964864884,0.977162138781749,1.71063460506463
-0.549426744370496,0.980700157007802,1.71303736869676
-0.549456933857424,0.984233181928499,1.71548135950027
-0.549472054427659,0.987760879437241,1.71796713936592
-0.549471628314779,0.99128292880178,1.72049526344024
-0.549455179015088,0.994799022992505,1.72306627972684
-0.549422231430601,0.998308869024564,1.72568072866763
-0.549372312024328,1.00181218831402,1.72833914270368
-0.549304948988327,1.00530871704809,1.73104204581484
-0.549219672424979,1.00879820656966,1.73378995303795
-0.549116014541951,1.01228042377596,1.73658336996284
-0.548993509861304,1.01575515153153,1.73942279220574
-0.548851695443184,1.01922218909539,1.74230870485961
-0.548690111124564,1.0226813525623,1.74524158192095
-0.548508299773454,1.02613247531793,1.74822188569263
-0.548305807559004,1.0295754085078,1.7512500661623
-0.548082184237924,1.03301002151968,1.75432656035618
-0.547836983457597,1.03643620247904,1.75745179166769
-0.547569763076274,1.03985385875724,1.76062616916084
-0.54728008550069,1.04326291749191,1.76385008684804
-0.546967518041434,1.0466633261189,1.76712392294219
-0.546631633286358,1.05005505291521,1.77044803908294
-0.546272009492299,1.05343808755204,1.77382277953711
-0.545888230995317,1.0568124416572,1.77724847037325
-0.545479888639649,1.06017814938576,1.78072541861047
-0.545046580225492,1.06353526799796,1.78425391134181
-0.544587910975699,1.06688387844318,1.78783421483229
-0.54410349402142,1.07022408594852,1.7914665735922
-0.543592950906627,1.07355602061059,1.79515120942607
-0.543055912111426,1.07687983798892,1.79888832045788
-0.542492017593965,1.08019571969924,1.80267808013338
-0.541900917350672,1.08350387400458,1.80652063620031
-0.541282271994462,1.08680453640238,1.8104161096676
-0.540635753350485,1.09009797020519,1.81436459374468
-0.53996104506884,1.09338446711262,1.81836615276228
-0.539257843253634,1.09666434777206,1.82242082107619
-0.538525857107595,1.09993796232538,1.82652860195571
-0.537764809591368,1.10320569093866,1.83068946645851
-0.53697443809648,1.10646794431206,1.8349033522942
-0.536154495130841,1.10972516416627,1.83917016267857
-0.535304749015493,1.11297782370251,1.84348976518122
-0.534424984591193,1.11622642803203,1.84786199056905
-0.533515003933271,1.11947151457175,1.8522866316486
-0.532574627073027,1.1227136534018,1.85676344211031
-0.531603692723804,1.12595344758098,1.86129213537809
-0.530602059009709,1.12919153341594,1.86587238346758
-0.529569604194769,1.13242858067952,1.87050381585714
-0.528506227410182,1.13566529277394,1.87518601837539
-0.52741184937713,1.13890240683403,1.87991853210957
-0.526286413122477,1.14214069376585,1.88470085233929
-0.525129884684508,1.14538095821589,1.88953242750021
-0.523942253805704,1.14862403846603,1.8944126581826
-0.522723534609407,1.15187080624923,1.89934089616987
-0.52147376625707,1.15512216648129,1.90431644352238
-0.520193013582672,1.1583790569036,1.90933855171186
-0.518881367700712,1.16164244763225,1.91440642081214
-0.517538946584141,1.16491334060874,1.91951919875197
-0.516165895608425,1.16819276894779,1.92467598063558
-0.514762388057905,1.17148179617778,1.92987580813724
-0.513328625590507,1.17478151536987,1.93511766897543
-0.51186483865686,1.17809304815175,1.94040049647305
-0.510371286869803,1.18141754360263,1.94572316920937
-0.508848259320308,1.18475617702614,1.95108451076986
-0.507296074835852,1.18811014859863,1.95648328959982
-0.505715082177343,1.19148068189037,1.96191821896748
-0.504105660170761,1.19486902225807,1.96738795704229
-0.502468217769849,1.19827643510753,1.97289110709372
-0.500803194046283,1.2017042040259,1.97842621781573
-0.499111058103979,1.20515362878372,1.98399178378186
-0.497392308914397,1.20862602320766,1.9895862460351
-0.495647475069959,1.2121227129257,1.99520799281705
-0.493877114453018,1.21564503298712,2.00085536043949
-0.492081813818093,1.21919432536091,2.00652663430186
-0.49026218828552,1.22277193631663,2.01222005005687
-0.488418880744988,1.22637921369306,2.01793379492635
-0.486552561167937,1.23001750406078,2.02366600916854
-0.484663925828201,1.23368814978567,2.0294147876973
-0.482753696430795,1.23739248600146,2.03517818185331
-0.480822619149243,1.24113183750034,2.04095420132596
-0.478871463572415,1.24490751555147,2.04674081622461
-0.476901021562332,1.24872081465834,2.05253595929623
-0.474912106025034,1.2525730092667,2.05833752828638
-0.472905549597129,1.2564653504355,2.06414338843899
-0.470882203251236,1.2603990624844,2.06995137512994
-0.468842934824122,1.26437533963158,2.07575929662845
-0.466788627471875,1.26839534263687,2.08156493697936
-0.464720178057034,1.2724601954651,2.08736605899875
-0.462638495473098,1.27657098198549,2.09316040737428
-0.460544498912386,1.28072874272303,2.09894571186113
-0.458439116083649,1.28493447167798,2.10471969056348
-0.456323281386306,1.28918911322985,2.11048005329095
-0.45419793404856,1.29349355914206,2.11622450497863
-0.452064016236983,1.29784864568341,2.12195074915897
-0.449922471145486,1.30225515088204,2.1276564914732
-0.447774241071782,1.30671379192732,2.13333944320948
-0.445620265489674,1.31122522273432,2.13899732485493
-0.443461479125581,1.31579003168494,2.14462786964809
-0.441298810047759,1.32040873955884,2.15022882711851
-0.439133177776709,1.32508179766638,2.15579796659999
-0.436965491425088,1.32980958619474,2.16133308070412
-0.434796647875389,1.33459241277696,2.16683198874074
-0.432627530003355,1.3394305112927,2.17229254007245
-0.430459004954853,1.34432404090777,2.17771261739037
-0.428291922483594,1.34927308535828,2.18309013989895
-0.426127113356663,1.35427765248362,2.18842306639799
-0.423965387834384,1.35933767401088,2.1937093982509
-0.421807534230558,1.36445300559193,2.19894718222843
-0.419654317558531,1.36962342709243,2.20413451321828
-0.417506478268019,1.37484864313095,2.20926953679171
-0.415364731076956,1.38012828386422,2.21435045161869
-0.413229763902051,1.38546190601352,2.21937551172483
-0.411102236891022,1.3908489941254,2.22434302858341
-0.408982781558884,1.39628896205875,2.22925137303741
-0.406872000029951,1.40178115468862,2.23409897704715
-0.404770464386571,1.40732484981642,2.23888433526008
-0.402678716124955,1.41291926027439,2.24360600640057
-0.40059726571783,1.4185635362119,2.24826261447806
-0.398526592283012,1.42425676754969,2.25285284981333
-0.396467143356438,1.42999798658769,2.25737546988332
-0.394419334767596,1.43578617075146,2.26182929998596
-0.392383550614799,1.44162024546166,2.26621323372732
-0.390360143337264,1.44749908711066,2.27052623333406
-0.388349433880492,1.45342152613026,2.27476732979532
-0.386351711951075,1.4593863501344,2.27893562283844
-0.384367236356676,1.46539230712063,2.28303028074386
-0.382396235426666,1.4714381087145,2.28705054000508
-0.380438907508579,1.47752243344123,2.29099570484012
-0.378495421535409,1.48364393000935,2.2948651465613
-0.376565917658563,1.48980122059164,2.29865830281061
-0.374650507941161,1.49599290408922,2.30237467666842
-0.372749277106361,1.50221755936525,2.30601383564334
-0.370862283335266,1.50847374843555,2.30957541055126
-0.368989559109064,1.51476001960427,2.31305909429214
-0.36713111209004,1.52107491053343,2.31646464053253
-0.365286926036213,1.52741695123619,2.31979186230255
-0.363456961744438,1.5337846669846,2.32304063051544
-0.361641158016982,1.54017658112353,2.32621087241826
-0.359839432646717,1.54659121778326,2.32930256998166
-0.358051683416288,1.55302710448442,2.33231575823702
-0.356277789106808,1.5594827746298,2.33525052356861
-0.354517610511853,1.5659567698782,2.33810700196856
-0.352770991452769,1.57244764239696,2.3408853772618
-0.351037759791548,1.57895395699003,2.34358587930832
-0.349317728437784,1.58547429309977,2.34620878218922
-0.347610696346461,1.5920072466812,2.34875440238325
-0.345916449503619,1.59855143194809,2.35122309693975
-0.344234761897151,1.6051054829914,2.35361526165393
-0.342565396470287,1.61166805527059,2.35593132924968
-0.340908106055548,1.61823782697952,2.35817176757511
-0.339262634287196,1.62481350028879,2.3603370778154
-0.33762871649047,1.63139380246711,2.36242779272726
-0.336006080546089,1.63797748688453,2.36444447489896
-0.334394447728765,1.6445633339009,2.36638771503951
-0.332793533518649,1.65115015164327,2.36825813030018
-0.331203048384859,1.65773677667602,2.37005636263132
-0.329622698540387,1.66432207456809,2.37178307717693
-0.32805218666792,1.67090494036155,2.37343896070939
-0.326491212616211,1.67748429894606,2.37502472010606
-0.324939474066836,1.68405910534398,2.37654108086966
-0.323396667171285,1.6906283449107,2.37798878569357
-0.321862487158486,1.69719103345512,2.37936859307326
-0.320336628912956,1.70374621728488,2.38068127596475
-0.318818787523899,1.71029297318128,2.38192762049061
-0.317308658805661,1.71683040830851,2.38310842469407
-0.315805939790019,1.72335766006186,2.38422449734127
-0.314310329190887,1.72987389585946,2.38527665677186
-0.312821527842058,1.73637831288209,2.38626572979767
-0.311339239108681,1.74287013776525,2.38719255064921
-0.309863169273193,1.74934862624788,2.38805795996963
-0.308393027896488,1.75581306278163,2.38886280385536
-0.306928528155133,1.76226276010465,2.389607932943
-0.305469387155452,1.76869705878362,2.39029420154153
-0.304015326225327,1.77511532672767,2.39092246680901
-0.302566071184588,1.78151695867745,2.39149358797273
-0.301121352594853,1.78790137567269,2.39200842559198
-0.299680905989684,1.7942680245013,2.39246784086216
-0.298244472085948,1.80061637713283,2.39287269495921
-0.29681179697722,1.806945930139,2.39322384842318
-0.29538263231011,1.81325620410394,2.3935221605797
-0.293956735444334,1.81954674302636,2.39376848899818
-0.292533869597372,1.82581711371598,2.39396368898545
-0.291113803974513,1.83206690518621,2.39410861311367
-0.289696313885081,1.83829572804492,2.39420411078109
-0.28828118084562,1.8445032138852,2.39425102780463
-0.286868192670771,1.85068901467751,2.39425020604282
-0.285457143552575,1.85685280216487,2.39420248304799
-0.284047834128899,1.86299426726226,2.39410869174646
-0.282640071541664,1.86911311946154,2.39396966014544
-0.281233669485514,1.87520908624297,2.39378621106555
-0.279828448247561,1.88128191249424,2.39355916189777
-0.278424234738803,1.88733135993793,2.39328932438361
-0.277020862517773,1.89335720656814,2.39297750441743
-0.275618171806991,1.89935924609703,2.3926245018699
-0.274216009502711,1.90533728741173,2.39223111043131
-0.27281422917848,1.91129115404226,2.39179811747401
-0.271412691082979,1.91722068364075,2.39132630393268
-0.270011262132579,1.92312572747249,2.39081644420174
-0.26860981589905,1.92900614991885,2.39026930604868
-0.267208232592822,1.9348618279926,2.38968565054271
-0.265806399042174,1.94069265086549,2.38906623199758
-0.2644042086687,1.94649851940849,2.38841179792798
-0.263001561459421,1.95227934574454,2.38772308901851
-0.261598363935809,1.95803505281398,2.38700083910456
-0.260194529120068,1.96376557395258,2.38624577516443
-0.258789976498931,1.96947085248214,2.38545861732177
-0.257384631985225,1.9751508413136,2.38464007885784
-0.255978427877466,1.98080550256253,2.38379086623293
-0.25457130281771,1.98643480717683,2.38291167911622
-0.253163201747858,1.99203873457662,2.38200321042358
-0.251754075864636,1.99761727230597,2.38106614636275
-0.250343882573407,2.00317041569635,2.38010116648529
-0.248932585441021,2.00869816754165,2.3791089437449
-0.247520154147825,2.01420053778442,2.3780901445615
-0.246106564439005,2.01967754321326,2.37704542889078
-0.244691798075387,2.02512920717087,2.37597545029861
-0.243275842783823,2.03055555927283,2.37488085604003
-0.241858692207272,2.03595663513652,2.37376228714239
-0.24044034585469,2.04133247612017,2.37262037849218
-0.239020809050821,2.04668312907162,2.37145575892549
-0.237600092885978,2.0520086460866,2.37026905132133
-0.236178214165891,2.05730908427623,2.36906087269795
-0.234755195361705,2.06258450554342,2.3678318343116
-0.233331064560186,2.06783497636801,2.36658254175748
-0.231905855414192,2.07306056760027,2.36531359507278
-0.230479607093483,2.07826135426252,2.36402558884136
-0.229052364235888,2.08343741535866,2.36271911230006
-0.227624176898901,2.08858883369125,2.36139474944621
-0.226195100511732,2.09371569568599,2.36005307914636
-0.224765195827843,2.09881809122317,2.35869467524586
-0.22333452887801,2.10389611347612,2.35732010667925
-0.221903170923934,2.10894985875606,2.35592993758129
-0.220471198412421,2.11397942636339,2.35452472739832
-0.219038692930153,2.11898491844508,2.3531050310001
-0.217605741159068,2.12396643985789,2.35167139879174
-0.216172434832367,2.12892409803721,2.35022437682573
-0.214738870691152,2.13385800287138,2.34876450691399
-0.213305150441709,2.13876826658116,2.34729232673972
-0.211871380713449,2.14365500360419,2.34580836996907
-0.210437673017507,2.14851833048423,2.34431316636253
-0.209004143706004,2.15335836576501,2.34280724188592
-0.207570913931978,2.15817522988845,2.34129111882092
-0.206138109609985,2.16296904509708,2.33976531587513
-0.204705861377373,2.16773993534043,2.33823034829158
-0.203274304556224,2.1724880261854,2.33668672795755
-0.201843579115967,2.17721344473012,2.33513496351286
-0.200413829636663,2.18191631952145,2.33357556045735
-0.198985205272951,2.18659678047577,2.33200902125775
-0.197557859718668,2.19125495880294,2.33043584545367
-0.196131951172119,2.19589098693336,2.32885652976292
-0.194707642302017,2.20050499844788,2.32727156818601
-0.193285100214071,2.20509712801044,2.32568145210976
-0.191864496418231,2.20966751130341,2.32408667041021
-0.190446006796576,2.21421628496537,2.32248770955459
-0.18902981157186,2.21874358653123,2.3208850537025
-0.187616095276687,2.22324955437468,2.31927918480626
-0.186205046723334,2.22773432765267,2.31767058271035
-0.184796858974213,2.23219804625198,2.31605972525013
-0.183391729312962,2.23664085073769,2.31444708834957
-0.181989859216172,2.24106288230345,2.31283314611835
-0.180591454325752,2.24546428272342,2.31121837094794
-0.179196724421913,2.2498451943059,2.30960323360705
-0.177805883396793,2.25420575984844,2.30798820333623
-0.176419149228705,2.25854612259435,2.30637374794165
-0.175036743957016,2.26286642619065,2.30476033388823
-0.173658893657665,2.26716681464722,2.30314842639198
-0.1722858284193,2.27144743229713,2.30153848951166
-0.170917782320065,2.27570842375816,2.29993098623971
-0.169554993405015,2.27994993389533,2.29832637859263
-0.168197703664172,2.28417210778434,2.29672512770056
-0.166846159011233,2.28837509067605,2.29512769389647
-0.165500609262925,2.29255902796174,2.29353453680456
-0.16416130811901,2.29672406513912,2.29194611542828
-0.16282851314296,2.30087034777918,2.29036288823773
-0.161502485743295,2.30499802149363,2.28878531325665
-0.160183491155596,2.30910723190299,2.28721384814893
-0.158871798425208,2.31319812460529,2.2856489503047
-0.157567680390625,2.31727084514525,2.28409107692601
-0.156271413667592,2.32132553898397,2.28254068511226
-0.154983278633901,2.32536235146908,2.28099823194523
-0.153703559414929,2.32938142780523,2.27946417457384
-0.152432543869896,2.33338291302499,2.27793897029876
-0.151170523578877,2.33736695196007,2.27642307665669
-0.149917793830576,2.34133368921278,2.2749169515046
-0.148674653610869,2.34528326912782,2.2734210531038
-0.147441405592135,2.34921583576419,2.27193584020388
-0.146218356123393,2.35313153286739,2.2704617721267
-0.145005815221254,2.35703050384167,2.26899930885032
-0.143804096561713,2.36091289172255,2.26754891109297
-0.142613517472782,2.36477883914929,2.26611104039711
-0.141434398928,2.36862848833756,2.26468615921361
-0.140267065540828,2.37246198105211,2.26327473098611
-0.139111845559944,2.37627945857945,2.26187722023552
-0.13796907086547,2.38008106170064,2.26049409264482
-0.136839076966128,2.38386693066392,2.25912581514417
-0.135722202997376,2.38763720515748,2.25777285599624
-0.134618791720519,2.39139202428201,2.25643568488206
-0.133529189522819,2.39513152652336,2.25511477298713
-0.132453746418643,2.39885584972496,2.25381059308814
-0.13139281605165,2.40256513106024,2.25252361964004
-0.130346755698049,2.40625950700495,2.25125432886377
-0.129315926270953,2.40993911330927,2.25000319883451
-0.128300692325845,2.41360408496984,2.24877070957057
-0.127301422067179,2.41725455620167,2.24755734312298
-0.126318487356152,2.42089066040978,2.24636358366575
-0.125352263719654,2.42451253016083,2.24518991758689
-0.124403130360424,2.42812029715437,2.24403683358031
-0.123471470168454,2.43171409219407,2.24290482273841
-0.122557669733633,2.43529404515866,2.2417943786457
-0.121662119359687,2.43886028497267,2.24070599747329
-0.120785213079415,2.44241293957693,2.2396401780743
-0.119927348671262,2.44595213589894,2.23859742208039
-0.119088927677249,2.44947799982285,2.23757823399922
-0.118270355422276,2.45299065615934,2.23658312131313
-0.117472041034839,2.45649022861517,2.23561259457883
-0.116694397469163,2.45997683976249,2.23466716752838
-0.115937841528804,2.46345061100792,2.23374735717131
-0.115202793891712,2.46691166256134,2.23285368389803
-0.114489679136806,2.47036011340439,2.23198667158453
-0.113798925772067,2.47379608125873,2.23114684769843
-0.113130966264179,2.47721968255402,2.2303347434064
-0.112486237069742,2.48063103239555,2.22955089368298
-0.111865178668074,2.48403024453166,2.22879583742085
-0.111268235595625,2.48741743132082,2.22807011754263
-0.110695856482032,2.49079270369844,2.22737428111419
-0.110148494087819,2.49415617114334,2.22670887945944
-0.109626605343777,2.49750794164391,2.22607446827688
-0.109130651392039,2.50084812166403,2.22547160775762
-0.108661097628859,2.50417681610861,2.22490086270514
-0.108218413749122,2.50749412828878,2.22436280265677
-0.107803073792601,2.51080015988688,2.22385800200681
-0.107415556191965,2.514095010921,2.22338704013152
-0.107056343822565,2.51737877970925,2.22295050151576
-0.106725924054,2.5206515628337,2.22254897588157
-0.106424788803475,2.52391345510395,2.22218305831849
-0.106153434590972,2.52716454952039,2.22185334941582
-0.105912362596215,2.53040493723712,2.2215604553967
-0.105702078717474,2.5336347075245,2.22130498825412
-0.105523093632165,2.53685394773133,2.22108756588886
-0.105375922859288,2.54006274324674,2.22090881224935
-0.105261086823681,2.54326117746169,2.22076935747354
-0.105179110922085,2.54644933173004,2.22066983803263
-0.105130525591038,2.54962728532938,2.22061089687689
-0.105115866376547,2.55279511542138,2.2205931835834
-0.105135674005588,2.55595289701184,2.2206173545058
-0.105190494459344,2.55910070291028,2.220684072926
-0.105280879048242,2.56223860368925,2.22079400920794
-0.105407384488705,2.56536666764312,2.22094784095326
-0.105570572981632,2.56848496074664,2.22114625315902
-0.105771012292559,2.57159354661294,2.22138993837729
-0.10600927583348,2.57469248645124,2.22167959687679
-0.106285942746286,2.57778183902408,2.22201593680636
-0.10660159798777,2.58086166060422,2.22239967436039
-0.10695683241618,2.58393200493104,2.22283153394609
-0.107352242879225,2.58699292316654,2.22331224835261
-0.107788432303527,2.59004446385095,2.22384255892193
-0.108266009785411,2.59308667285789,2.22442321572151
-0.108785590682984,2.59611959334905,2.22505497771862
-0.109347796709439,2.5991432657285,2.22573861295633
-0.109953256027463,2.60215772759649,2.226474898731
-0.110602603344702,2.60516301370283,2.22726462177133
-0.111296480010157,2.6081591558998,2.22810857841879
-0.112035534111405,2.61114618309463,2.22900757480931
-0.112820420572547,2.61412412120144,2.22996242705633
-0.113651801252737,2.61709299309279,2.23097396143478
-0.114530345045175,2.6200528185507,2.23204301456618
-0.115456727976411,2.62300361421721,2.23317043360455
-0.116431633305802,2.62594539354447,2.23435707642303
-0.117455751624957,2.62887816674426,2.23560381180113
-0.118529780957002,2.63180194073718,2.23691151961226
-0.119654426855453,2.63471671910114,2.23828109101164
-0.120830402502509,2.63762250201954,2.23971342862411
-0.12205842880654,2.64051928622881,2.24120944673187
-0.123339234498531,2.64340706496555,2.24277007146177
-0.124673556227246,2.64628582791309,2.24439624097199
-0.126062138652829,2.64915556114759,2.24608890563781
-0.127505734538582,2.65201624708362,2.24784902823632
-0.129005104840589,2.65486786441927,2.24967758412956
-0.130561018794896,2.65771038808069,2.25157556144598
-0.132174254001896,2.66054378916621,2.25354396125982
-0.133845596507546,2.66336803488994,2.25558379776803
-0.135575840881074,2.66618308852483,2.25769609846435
-0.137365790288709,2.66898890934536,2.25988190431028
-0.139216256563068,2.67178545256962,2.26214226990226
-0.141128060267725,2.67457266930108,2.26447826363493
-0.143102030756462,2.67735050646973,2.26689096785969
-0.145139006226727,2.68011890677295,2.26938147903827
-0.147239833766756,2.68287780861585,2.27195090789067
-0.149405369395789,2.68562714605121,2.27460037953694
-0.151636478096804,2.68836684871908,2.27733103363215
-0.153934033841124,2.69109684178593,2.28014402449398
-0.156298919604253,2.69381704588356,2.28304052122224
-0.158732027372253,2.69652737704758,2.28602170780962
-0.161234258137928,2.69922774665567,2.28908878324285
-0.163806521886055,2.70191806136556,2.29224296159363
-0.166449737566866,2.70459822305277,2.29548547209838
-0.169164833056938,2.70726812874819,2.29881755922602
-0.171952745106617,2.7099276705755,2.30224048273284
-0.174814419273059,2.71257673568853,2.30575551770348
-0.177750809837917,2.71521520620849,2.3093639545771
-0.180762879708688,2.7178429591613,2.31306709915761
-0.18385160030265,2.72045986641491,2.31686627260692
-0.187017951412329,2.72306579461686,2.32076281142002
-0.190262921051325,2.72566060513188,2.32475806738076
-0.193587505279332,2.72824415397992,2.32885340749697
-0.196992708005129,2.73081629177444,2.33305021391381
-0.200479540766258,2.73337686366118,2.33734988380373
-0.204049022484052,2.73592570925747,2.34175382923194
-0.207702179192681,2.73846266259211,2.3462634769957
-0.211440043740763,2.74098755204612,2.35088026843596
-0.215263655464094,2.74350020029416,2.35560565921993
-0.219174059828003,2.7460004242471,2.36044111909281
-0.22317230803776,2.74848803499559,2.36538813159698
-0.227259456615458,2.75096283775486,2.37044819375716
-0.231436566941729,2.75342463181095,2.37562281572948
-0.235704704760637,2.75587321046847,2.38091352041291
-0.240064939646016,2.758308361,2.38632184302094
-0.244518344427557,2.76072986459743,2.39184933061183
-0.249065994574817,2.76313749632526,2.39749754157538
-0.253708967537427,2.76553102507625,2.40326804507421
-0.258448342039637,2.76791021352939,2.40916242043766
-0.263285197327406,2.77027481811061,2.41518225650618
-0.268220612366193,2.77262458895625,2.42132915092429
-0.273255664987635,2.77495926987978,2.42760470937984
-0.27839143098327,2.77727859834166,2.43401054478782
-0.283628983143537,2.77958230542295,2.44054827641635
-0.288969390240243,2.7818701158027,2.44721952895312
-0.294413715950784,2.78414174773941,2.45402593151001
-0.299963017722423,2.78639691305698,2.46096911656413
-0.305618345575015,2.78863531713525,2.46805071883321
-0.311380740840602,2.79085665890558,2.47527237408365
-0.317251234838467,2.79306063085172,2.48263571786932
-0.323230847484266,2.79524691901624,2.49014238419953
-0.329320585832025,2.79741520301293,2.49779400413462
-0.335521442547934,2.79956515604543,2.50559220430774
-0.341834394315017,2.8016964449325,2.51353860537149
-0.348260400167947,2.80380873014011,2.52163482036857
-0.354800399757485,2.80590166582096,2.52988245302527
-0.361455311544249,2.80797489986146,2.53828309596739
-0.368226030921782,2.81002807393681,2.54683832885802
-0.37511342826913,2.81206082357429,2.55554971645723
-0.3821183469335,2.81407277822524,2.56441880660369
-0.389241601143849,2.81606356134603,2.57344712811881
-0.396483973856649,2.81803279048829,2.58263618863436
-0.40384621453542,2.81998007739884,2.59198747234466
-0.411329036866066,2.8219050281295,2.60150243768521
-0.41893311641048,2.82380724315709,2.61118251493983
-0.426659088201332,2.82568631751399,2.6210291037789
-0.43450754428147,2.82754184092937,2.63104357073199
-0.442479031191858,2.82937339798136,2.64122724659835
-0.450574047412537,2.83118056826039,2.65158142379967
-0.458793040761633,2.83296292654378,2.66210735367994
-0.467136405758039,2.83472004298175,2.6728062437578
-0.475604480953976,2.83645148329488,2.68367925493743
-0.484197546244267,2.83815680898306,2.69472749868498
-0.492915820159764,2.83983557754589,2.70595203417763
-0.501759457153,2.84148734271447,2.7173538654336
-0.510728544884762,2.84311165469438,2.72893393843187
-0.519823101520916,2.84470806041964,2.74069313823097
-0.529043073049387,2.84627610381743,2.75263228609708
-0.538388330627842,2.84781532608306,2.76475213665228
-0.547858667973146,2.84932526596489,2.77705337505425
-0.557453798804227,2.85080546005854,2.78953661421967
-0.567173354350446,2.85225544310982,2.80220239210388
-0.577016880938063,2.85367474832566,2.81505116904992
-0.586983837667735,2.85506290769212,2.82808332522082
-0.597073594196315,2.85641945229876,2.84129915812899
-0.607285428636478,2.85774391266804,2.85469888027725
-0.617618525587864,2.8590358190889,2.8682826169262
-0.62807197431345,2.86029470195308,2.88205040400273
-0.638644767074906,2.8615200920929,2.89600218616466
-0.64933579764046,2.86271152111902,2.91013781503619
-0.660143859978594,2.8638685217566,2.92445704762915
-0.671067647150466,2.86499062817823,2.93895954496422
-0.682105750413443,2.86607737633175,2.95364487090615
-0.69325665854747,2.8671283042612,2.9685124912264
-0.704518757415186,2.86814295241884,2.98356177290592
-0.715890329765783,2.86912086396627,2.99879198368972
-0.727369555291476,2.87006158506247,3.01420229190416
-0.738954510944272,2.87096466513656,3.02979176654652
-0.750643171519312,2.87182965714311,3.04555937765503
-0.762433410509594,2.87265611779762,3.06150399696633
-0.774323001235253,2.87344360778993,3.07762439886542
-0.786309618248804,2.87419169197318,3.0939192616316
-0.798390839015968,2.87489993952598,3.110387168982
-0.810564145869694,2.87556792408559,3.12702661191229
-0.822826928233043,2.87619522384967,3.14383599083214
-0.835176485104494,2.87678142164447,3.16081361799084
-0.84761002779715,2.87732610495739,3.17795772018631
-0.860124682921215,2.87782886593171,3.19526644174849
-0.872717495596979,2.8782893013216,3.2127378477859
-0.885385432883519,2.87870701240576,3.23036992768183
-0.898125387406257,2.87908160485775,3.24816059882458
-0.910934181164658,2.8794126885718,3.26610771055395
-0.923808569499441,2.87969987744274,3.28420904830413
-0.936745245197082,2.87994278909886,3.30246233792131
-0.949740842707782,2.88014104458709,3.32086525013241
-0.962791942451767,2.88029426800965,3.33941540513986
-0.975895075187641,2.88040208611211,3.35811037731586
-0.989046726415569,2.88046412782256,3.3769476999683
-1.00224334078739,2.88048002374227,3.39592487014947
-1.01548132649535,2.88044940558838,3.41503935347825
-1.02875705961092,2.88037190558935,3.43428858894543
-1.04206688834539,2.88024715583444,3.45366999367209
-1.05540713720413,2.88007478757865,3.47318096759077
-1.06877411100724,2.87985443050489,3.49281889801938
-1.08216409875023,2.87958571194558,3.5125811640987
-1.09557337727947,2.87926825606604,3.53246514106481
-1.10899821475871,2.87890168301249,3.55246820432938
-1.12243487390485,2.8784856080277,3.57258773334154
-1.13587961497268,2.87801964053772,3.5928211152074
-1.1493286984711,2.87750338321327,3.61316574804447
-1.16277838759513,2.87693643100994,3.63361904405095
-1.176224950361,2.87631837019119,3.65417843227142
-1.18966466143411,2.8756487773389,3.6748413610437
-1.20309380364258,2.87492721835599,3.69560530011348
-1.21650866917197,2.87415324746632,3.71646774240655
-1.22990556043993,2.87332640621678,3.73742620545088
-1.2432807906523,2.87244622248719,3.75847823244403
-1.25663068404556,2.87151220951341,3.77962139296375
-1.26995157582342,2.87052386492938,3.80085328332309
-1.28323981179824,2.86948066983395,3.82217152657373
-1.29649174775123,2.86838208788841,3.8435737721644
-1.30970374852783,2.86722756445069,3.86505769526378
-1.32287218688771,2.86601652575236,3.88662099576028
-1.33599344213126,2.86474837812455,3.90826139695308
-1.34906389852672,2.86342250727879,3.929976643952
-1.36207994356471,2.86203827764905,3.95176450180522
-1.37503796606843,2.86059503180086,3.97362275337666
-1.38793435418997,2.8590920899136,3.99554919699619
-1.40076549332459,2.8575287493419,4.01754164390786
-1.41352776397602,2.85590428426175,4.03959791554271
-1.42621753960704,2.85421794540716,4.06171584064389
-1.43883118451021,2.85246895990255,4.08389325227298
-1.45136505173421,2.85065653119641,4.10612798472697
-1.46381548110115,2.84877983910088,4.12841787039611
-1.47617879735066,2.84683803994222,4.15076073659286
-1.48845130844536,2.84483026682642,4.17315440238222
-1.50062930407231,2.84275563002412,4.1955966754438
-1.51270905437373,2.84061321747848,4.21808534899481
-1.52468680893872,2.83840209543939,4.24061819880312
-1.53655879608673,2.83612130922672,4.26319298031804
-1.54832122247107,2.83376988412535,4.2858074259454
-1.55997027302887,2.83134682641356,4.30845924249217
-1.5715021113016,2.82885112452649,4.33114610880398
-1.58291288014732,2.8262817503553,4.35386567361707
-1.59419870286331,2.82363766068254,4.37661555364437
-1.6053556847344,2.82091779875329,4.39939333191279
-1.61637991501914,2.8181210959812,4.42219655636688
-1.62726746938277,2.81524647378791,4.44502273875112
-1.63801441278192,2.81229284557356,4.46786935378081
-1.64861680280302,2.80925911881557,4.49073383860884
-1.65907069345197,2.8061441972921,4.51361359259258
-1.6693721393895,2.802946983426,4.53650597736298
-1.67951720060252,2.79966638074415,4.55940831719476
-1.68950194749825,2.79630129644673,4.58231789967409
-1.69932246640411,2.79285064407998,4.6052319766576
-1.70897486545301,2.7893133463055,4.62814776551387
-1.71845528083008,2.78568833775837,4.65106245063645
-1.72775988335379,2.78197456798584,4.67397318521484
-1.73688488536118,2.77817100445754,4.69687709324822
-1.74582654786443,2.7742766356378,4.71977127178436
-1.75458118794297,2.77029047410989,4.74265279336507
-1.76314518633367,2.76621155974147,4.76551870865769
-1.77151499517905,2.76203896288032,4.78836604925111
-1.77968714589233,2.75777178756859,4.81119183059403
-1.78765825709658,2.75340917476361,4.83399305505236
-1.79542504259433,2.74895030555307,4.85676671506245
-1.80298431932343,2.74439440435177,4.87950979635681
-1.81033301525477,2.73974074206726,4.90221928123889
-1.81746817718746,2.73498863922126,4.92489215188437
-1.82438697839782,2.73013746901364,4.94752539364676
-1.83108672609895,2.72518666031606,4.97011599834629
-1.83756486866936,2.72013570058179,4.99266096752204
-1.84381900260996,2.71498413865893,5.0151573156288
-1.84984687919116,2.70973158749397,5.03760207316141
-1.85564641075334,2.70437772671308,5.05999228969144
-1.86121567662644,2.69892230506883,5.08232503680218
-1.86655292863704,2.69336514274031,5.1045974109105
-1.87165659617374,2.68770613347512,5.12680653596548
-1.87652529078479,2.6819452465623,5.14894956601594
-1.8811578102846,2.67608252862565,5.17102368764098
-1.88555314234926,2.67011810522779,5.19302612223931
-1.88971046758387,2.66405218227583,5.2149541281752
-1.89362916204823,2.65788504722046,5.23680500278066
-1.89730879923019,2.65161707004085,5.25857608421503
-1.90074915145956,2.64524870400905,5.28026475318466
-1.90395019075842,2.63878048622802,5.30186843452701
-1.9069120891269,2.63221303793897,5.3233845986644
-1.9096352182666,2.6255470645941,5.34481076293407
-1.91212014874666,2.61878335569247,5.36614449280181
-1.91436764862044,2.61192278437745,5.38738340296729
-1.9163786815034,2.60496630679544,5.40852515836989
-1.91815440412538,2.59791496121673,5.42956747510384
-1.9196961633729,2.59076986692039,5.45050812125205
-1.92100549283928,2.58353222284635,5.47134491764774
-1.92208410890258,2.57620330601891,5.49207573857304
-1.92293390635306,2.56878446974698,5.51269851240333
-1.92355695359381,2.56127714160759,5.53321122220559
-1.92395548743948,2.55368282122015,5.55361190629878
-1.92413190753965,2.54600307782007,5.57389865878314
-1.92408877045421,2.53823954764123,5.59406963004508
-1.9238287834094,2.53039393111781,5.61412302724317
-1.92335479776363,2.52246798991682,5.63405711477988
-1.92266980221316,2.51446354381351,5.65387021476308
-1.92177691576769,2.50638246742242,5.67356070746001
-1.92067938052652,2.49822668679776,5.69312703174595
-1.91938055428586,2.48999817591702,5.71256768554843
-1.91788390300767,2.48169895306242,5.73188122628722
-1.91619299318034,2.47333107711518,5.75106627130958
-1.91431148410107,2.46489664377768,5.77012149831914
-1.91224312010908,2.45639778173893,5.78904564579624
-1.9099917227983,2.44783664879892,5.80783751340696
-1.90756118323732,2.43921542796701,5.82649596239738
-1.90495545422343,2.43053632354998,5.84501991596906
-1.90217854259642,2.42180155724463,5.86340835963151
-1.89923450163692,2.41301336424986,5.88166034152685
-1.89612742357266,2.40417398941256,5.89977497272202
-1.89286143221464,2.39528568342124,5.9177514274632
-1.88944067574412,2.38635069906086,5.93558894338762
-1.88586931966956,2.37737128754152,5.95328682168767
-1.88215153997142,2.3683496949131,5.97084442722229
-1.87829151645107,2.35928815857714,5.98826118857117
-1.87429342629857,2.35018890390644,6.00553659802702
-1.87016143789261,2.34105414098209,6.02267021152208
-1.86589970484405,2.33188606145668,6.03966164848497
-1.86151236029336,2.32268683555143,6.05651059162463
-1.85700351147042,2.31345860919441,6.07321678663857
-1.8523772345237,2.30420350130563,6.0897800418431
-1.84763756962439,2.29492360123417,6.10620022772369
-1.84278851634958,2.28562096635148,6.12247727640438
-1.8378340293473,2.27629761980394,6.13861118103537
-1.83277801428464,2.26695554842719,6.15460199509878
-1.82762432407918,2.25759670082339,6.17044983163293
-1.82237675541262,2.24822298560218,6.18615486237616
-1.81703904552425,2.23883626978503,6.20171731683153
-1.81161486928105,2.22943837737196,6.2171374812545
-1.80610783652012,2.22003108806887,6.23241569756586
-1.80052148965805,2.21061613617317,6.24755236219287
-1.79485930156141,2.20119520961455,6.26254792484181
-1.78912467367137,2.19176994914729,6.27740288720548
-1.78332093437502,2.18234194769003,6.29211780160969
-1.77745133761532,2.17291274980829,6.30669326960281
-1.77151906173115,2.16348385133487,6.32112994049287
-1.76552720851829,2.1540566991225,6.3354285098368
-1.75947880250212,2.14463269092329,6.34958971788661
-1.75337679041224,2.1352131753889,6.36361434799736
-1.74722404084917,2.1257994521853,6.37750322500185
-1.74102334413307,2.11639277221581,6.39125721355703
-1.73477741232436,2.10699433794611,6.40487721646712
-1.72848887940608,2.09760530382452,6.41836417298834
-1.72216030161778,2.08822677679131,6.43171905712016
-1.71579415793091,2.07885981687035,6.44494287588775
-1.70939285065577,2.06950543783679,6.45803666762042
-1.70295870617014,2.06016460795437,6.47100150023036
-1.69649397576003,2.05083825077611,6.48383846949619
-1.69000083656322,2.04152724600232,6.49654869735534
-1.68348139260636,2.03223243039,6.50913333020916
-1.67693767592682,2.02295459870778,6.52159353724474
-1.67037164777089,2.01369450473098,6.5339305087765
-1.66378519985991,2.00445286227138,6.54614545461131
-1.6571801557166,1.99523034623657,6.55823960243971
-1.65055827204401,1.98602759371404,6.57021419625643
-1.64392124014999,1.97684520507539,6.58207049481239
-1.63727068741023,1.96768374509619,6.59380977010076
-1.63060817876358,1.95854374408749,6.605433305879
-1.62393521823351,1.94942569903499,6.61694239622876
-1.61725325046995,1.94033007474223,6.62833834415521
-1.61056366230627,1.93125730497456,6.63962246022728
-1.60386778432625,1.9222077936006,6.65079606125976
-1.59716689243654,1.91318191572831,6.66186046903852
-1.59046220944021,1.90418001883319,6.67281700908932
-1.58375490660735,1.8952024238759,6.68366700949094
-1.57704610523921,1.88624942640733,6.69441179973302
-1.5703368782224,1.87732129765901,6.70505270961877
-1.56362825157009,1.86841828561708,6.71559106821262
-1.55692120594749,1.85954061607825,6.72602820283282
-1.55021667817911,1.85068849368634,6.73636543808865
-1.54351556273538,1.84186210294811,6.74660409496203
-1.53681871319695,1.8330616092274,6.75674548993287
-1.53012694369451,1.82428715971663,6.76679093414787
-1.52344103032289,1.81553888438485,6.7767417326319
-1.51676171252796,1.80681689690187,6.78659918354124
-1.51008969446508,1.79812129553777,6.79636457745803
-1.50342564632836,1.78945216403757,6.80603919672479
-1.49677020564971,1.7808095724708,6.81562431481826
-1.49012397856711,1.77219357805565,6.82512119576153
-1.48348754106159,1.76360422595787,6.83453109357333
-1.4768614401626,1.75504155006424,6.84385525175346
-1.47024619512139,1.7465055737308,6.85309490280339
-1.46364229855244,1.73799631050605,6.86225126778063
-1.45705021754267,1.72951376482923,6.87132555588596
-1.45047039472882,1.72105793270411,6.8803189640823
-1.44390324934282,1.71262880234852,6.88923267674403
-1.43734917822558,1.70422635482008,6.89806786533562
-1.43080855680942,1.6958505646186,6.9068256881184
-1.42428174006956,1.68750140026539,6.91550728988441
-1.41776906344492,1.67917882486034,6.92411380171602
-1.411270843729,1.67088279661692,6.93264634077036
-1.40478737993093,1.6626132693759,6.94110601008731
-1.39831895410766,1.65437019309823,6.94949389842013
-1.39186583216751,1.64615351433766,6.95781108008741
-1.38542826464591,1.63796317669374,6.96605861484559
-1.37900648745389,1.62979912124571,6.9742375477807
-1.37260072259987,1.62166128696799,6.98234890921862
-1.36621117888558,1.61354961112766,6.99039371465269
-1.35983805257661,1.60546402966485,6.99837296468777
-1.35348152804841,1.59740447755633,7.00628764499986
-1.34714177840829,1.58937088916302,7.0141387263104
-1.34081896609425,1.5813631985621,7.02192716437429
-1.33451324345118,1.57338133986412,7.02965389998094
-1.32822475328521,1.56542524751582,7.03731985896743
-1.32195362939688,1.55749485658918,7.04492595224302
-1.31569999709378,1.54959010305726,7.05247307582441
-1.3094639736833,1.54171092405736,7.05996211088076
-1.30324566894625,1.53385725814207,7.06739392378807
-1.29704518559189,1.5260290455187,7.07476936619203
-1.29086261969512,1.51822622827762,7.08208927507893
-1.28469806111627,1.51044875061,7.08935447285373
-1.2785515939044,1.50269655901539,7.0965657674251
-1.27242329668443,1.49496960249974,7.10372395229643
-1.26631324302882,1.48726783276415,7.11082980666275
-1.26022150181444,1.4795912043849,7.11788409551265
-1.25414813756504,1.47193967498516,7.12488756973499
-1.24809321077997,1.46431320539878,7.13184096622984
-1.24205677824965,1.45671175982662,7.13874500802323
-1.23603889335837,1.44913530598571,7.14560040438529
-1.2300396063748,1.4415838152517,7.15240785095145
-1.2240589647308,1.43405726279492,7.15916802984629
-1.21809701328902,1.42655562771038,7.16588160980961
-1.21215379459961,1.41907889314214,7.17254924632464
-1.2062293491467,1.41162704640218,7.17917158174772
-1.20032371558484,1.40420007908435,7.18574924543957
-1.19443693096604,1.3967979871734,7.19228285389746
-1.18856903095763,1.3894207711496,7.19877301088838
-1.18272005005147,1.38206843608913,7.2052203075827
-1.17689002176478,1.37474099176049,7.2116253226883
-1.17107897883302,1.3674384527172,7.21798862258479
-1.16528695339512,1.36016083838701,7.22431076145771
-1.1595139771714,1.35290817315793,7.23059228143252
-1.1537600816346,1.34568048646113,7.23683371270818
-1.14802529817411,1.3384778128511,7.2430355736902
-1.14230965825398,1.33130019208307,7.24919837112293
-1.13661319356474,1.32414766918813,7.25532260022104
-1.13093593616947,1.31702029454593,7.26140874480005
-1.1252779186443,1.30991812395538,7.26745727740573
-1.11963917421366,1.30284121870331,7.27346865944228
-1.11401973688041,1.29578964563145,7.27944334129932
-1.10841964155121,1.28876347720158,7.28538176247736
-1.10283892415731,1.28176279155933,7.29128435171193
-1.09727762177082,1.27478767259641,7.29715152709607
-1.09173577271698,1.26783821001162,7.30298369620128
-1.0862134166823,1.26091449937068,7.3087812561968
-1.0807105948189,1.25401664216491,7.31454459396717
-1.07522734984528,1.24714474586894,7.32027408622801
-1.06976372614354,1.24029892399747,7.32597009964012
-1.06431976985329,1.23347929616117,7.3316329909216
-1.05889552896243,1.22668598812185,7.33726310695826
-1.05349105339487,1.21991913184684,7.34286078491213
-1.0481063950953,1.21317886556265,7.34842635232807
-1.04274160811128,1.20646533380816,7.35396012723852
-1.03739674867255,1.19977868748698,7.35946241826641
-1.03207187526789,1.19311908391945,7.36493352472611
-1.02676704871947,1.18648668689394,7.37037373672262
-1.02148233225482,1.17988166671768,7.3757833352488
-1.01621779157658,1.17330420026704,7.38116259228086
-1.01097349493,1.16675447103729,7.38651177087199
-1.00574951316837,1.16023266919177,7.3918311252442
-1.00054591981633,1.15373899161057,7.39712090087849
-0.995362791131254,1.14727364193855,7.40238133460322
-0.99020020616261,1.14083683063282,7.40761265468087
-0.985058246809474,1.13442877500949,7.41281508089315
-0.979936997876162,1.12804969928975,7.41798882462459
-0.974836547126024,1.12169983464521,7.42313408894456
-0.969756985333446,1.11537941924235,7.42825106868787
-0.96469840633406,1.10908869828616,7.43333995053402
-0.959660907073184,1.10282792406271,7.43840091308505
-0.954644587652484,1.0965973559807,7.4434341269422
-0.94964955137489,1.09039726061188,7.44843975478144
-0.944675904787712,1.08422791173008,7.45341795142783
-0.939723757723999,1.07808959034898,7.45836886392895
-0.934793223342057,1.07198258475826,7.46329263162744
-0.929884418163168,1.06590719055817,7.46818938623267
-0.924997462107421,1.05986371069226,7.47305925189177
-0.920132478527644,1.05385245547817,7.47790234526002
-0.915289594241388,1.04787374263629,7.48271877557083
-0.910468939560907,1.04192789731618,7.48750864470522
-0.905670648321077,1.03601525212042,7.49227204726118
-0.900894857905177,1.0301361471259,7.49700907062287
-0.896141709268488,1.02429092990211,7.50171979502978
-0.891411346959593,1.01847995552644,7.50640429364612
-0.886703919139328,1.01270358659608,7.51106263263043
-0.882019577597264,1.00696219323641,7.51569487120568
-0.877358477765635,1.0012561531055,7.52030106172992
-0.872720778730605,0.995585851394651,7.52488124976771
-0.868106643240759,0.989951680824444,7.52943547416245
-0.863516237712692,0.984354041636275,7.53396376710976
-0.858949732233588,0.978793341578884,7.53846615423217
-0.854407300560632,0.973269995889686,7.54294265465519
-0.849889120117142,0.967784427270521,7.54739328108505
-0.845395371985255,0.962337065857549,7.55181803988817
-0.840926240895023,0.956928349184888,7.55621693117275
-0.836481915209763,0.951558722141695,7.56058994887243
-0.832062586907497,0.946228636922313,7.56493708083244
-0.827668451558313,0.940938552969109,7.56925830889838
-0.82329970829746,0.935688936907613,7.57355360900771
-0.81895655979402,0.930480262473594,7.57782295128447
-0.814639212214951,0.92531301043166,7.58206630013711
-0.810347875184325,0.920187668484973,7.58628361435987
-0.806082761737557,0.915104731175669,7.59047484723795
-0.801844088270437,0.910064699775572,7.59463994665648
-0.797632074482759,0.905068082166773,7.59877885521385
-0.793446943316342,0.900115392711631,7.60289151033933
-0.789288920887244,0.89520715211179,7.60697784441545
-0.785158236411959,0.890343887255759,7.61103778490516
-0.78105512212739,0.885526131054633,7.61507125448426
-0.776979813204379,0.880754422265501,7.6190781711791
-0.772932547654621,0.876029305302149,7.62305844850992
-0.768913566230705,0.871351330032578,7.62701199564003
-0.764923112319142,0.866721051562991,7.63093871753104
-0.760961431826121,0.862139030007742,7.63483851510441
-0.75702877305584,0.857605830244939,7.63871128540947
-0.75312538658122,0.853122021657255,7.64255692179819
-0.749251525106794,0.848688177857589,7.64637531410682
-0.745407443323642,0.844304876399234,7.6501663488448
-0.741593397756169,0.839972698470194,7.65392990939073
-0.7378096466006,0.835692228571356,7.65766587619605
-0.734056449555055,0.831464054178228,7.66137412699623
-0.730334067641063,0.827288765385977,7.66505453702977
-0.726642763016424,0.823166954537564,7.66870697926508
-0.722982798779314,0.819099215834747,7.67233132463546
-0.719354438763583,0.815086144931851,7.67592744228209
-0.715757947325167,0.811128338512161,7.67949519980525
-0.712193589119613,0.807226393846887,7.68303446352379
-0.708661628870696,0.803380908336689,7.68654509874276
-0.705162331130147,0.799592479035796,7.69002697002938
-0.701695960028572,0.795861702158817,7.69347994149716
-0.698262779017589,0.792189172570385,7.69690387709814
-0.694863050603338,0.78857548325786,7.70029864092329
-0.691497036071492,0.78502122478738,7.70366409751071
-0.688164995203928,0.781526984743576,7.70700011216169
-0.684867185987297,0.7780933471534,7.71030655126427
-0.681603864313713,0.774720891894551,7.71358328262419
-0.678375283673874,0.771410194089058,7.71683017580285
-0.675181493694308,0.768161464637611,7.72004726015855
-0.672022134672735,0.764974181219461,7.72323488842001
-0.668896430745737,0.761847072110144,7.72639374607433
-0.665803183287894,0.758778100499011,7.72952486048636
-0.662740764543061,0.755764449304652,7.73262960975223
-0.659707111474196,0.752802506457014,7.73570973130465
-0.656699719802416,0.74988785058284,7.73876733030392
-0.653715638188809,0.74701523699616,7.7418048878666
-0.650751462493941,0.74417858385773,7.74482526920285
-0.647803330030007,0.741370958326798,7.74783173175395
-0.644866913699042,0.738584562484979,7.75082793344378
-0.641937415887451,0.735810718765224,7.75381794118137
-0.639009561962196,0.73303985456859,7.75680623977738
-0.636077593186904,0.730261485696967,7.75979774146442
